student_id,name,email,password,phone,date_of_birth,gender,blood_group,address,department,program,batch,current_semester,credit_completed,total_credits,cgpa,admission_date,guardian_name,guardian_phone,guardian_relation,total_payable,total_paid,total_due,payment_status
1000,Emily Johnson,emily.j@example.com,pass123,01711111111,1998-05-15,Female,A+,123 Main St,Computer Science,B.Sc. in CSE,2021,5,60,120,3.5,2021-09-01,Michael Johnson,01722222222,Father,150000,100000,50000,Due
1001,John Smith,john.s@example.com,pass123,01711111112,1999-02-20,Male,B-,456 Oak Ave,Electrical Engineering,B.Sc. in EEE,2021,5,60,120,3.2,2021-09-01,Laura Smith,01722222223,Mother,150000,150000,0,Paid
1002,Sophia Davis,sophia.d@example.com,pass123,01711111113,1998-11-10,Female,O+,789 Pine Ln,Business Administration,BBA,2021,5,60,120,3.8,2021-09-01,Robert Davis,01722222224,Father,150000,120000,30000,Due
1003,Daniel Wilson,daniel.w@example.com,pass123,01711111114,2000-07-25,Male,AB-,101 Maple Rd,Mechanical Engineering,B.Sc. in ME,2021,5,60,120,3.4,2021-09-01,Jennifer Wilson,01722222225,Mother,150000,150000,0,Paid
1004,Olivia Brown,olivia.b@example.com,pass123,01711111115,1999-04-01,Female,A-,202 Cedar St,Pharmacy,B.Pharm,2021,5,60,120,3.6,2021-09-01,James Brown,01722222226,Father,150000,90000,60000,Due
1005,William Taylor,william.t@example.com,pass123,01711111116,1998-09-30,Male,B+,303 Birch Ave,English,B.A. in English,2021,5,60,120,3.1,2021-09-01,Susan Taylor,01722222227,Mother,150000,150000,0,Paid
1006,Isabella Martinez,isabella.m@example.com,pass123,01711111117,2000-12-05,Female,O-,404 Willow Dr,Law,LLB,2021,5,60,120,3.9,2021-09-01,David Martinez,01722222228,Father,150000,110000,40000,Due
1007,James Rodriguez,james.r@example.com,pass123,01711111118,1999-08-18,Male,A+,505 Elm Ct,Civil Engineering,B.Sc. in CE,2021,5,60,120,3.3,2021-09-01,Maria Rodriguez,01722222229,Mother,150000,150000,0,Paid
1008,Ava Hernandez,ava.h@example.com,pass123,01711111119,1998-03-12,Female,B+,606 Spruce Ln,Architecture,B.Arch,2021,5,60,120,3.7,2021-09-01,Joseph Hernandez,01722222230,Father,150000,130000,20000,Due
1009,Alexander Gonzalez,alexander.g@example.com,pass123,01711111120,2000-01-28,Male,O+,707 Fir Rd,Economics,B.S. in Economics,2021,5,60,120,3.5,2021-09-01,Patricia Gonzalez,01722222231,Mother,150000,150000,0,Paid
1010,Mia Perez,mia.p@example.com,pass123,01711111121,1999-06-08,Female,A-,808 Pine Ave,Computer Science,B.Sc. in CSE,2021,5,60,120,3.9,2021-09-01,Charles Perez,01722222232,Father,150000,105000,45000,Due
1011,Benjamin Carter,benjamin.c@example.com,pass123,01711111122,1998-10-22,Male,B-,909 Oak St,Electrical Engineering,B.Sc. in EEE,2021,5,60,120,3.4,2021-09-01,Linda Carter,01722222233,Mother,150000,150000,0,Paid
1012,Charlotte Evans,charlotte.e@example.com,pass123,01711111123,2000-03-03,Female,AB+,111 Maple Ln,Business Administration,BBA,2021,5,60,120,3.6,2021-09-01,George Evans,01722222234,Father,150000,140000,10000,Due
1013,Lucas King,lucas.k@example.com,pass123,01711111124,1999-01-14,Male,O+,222 Cedar Rd,Mechanical Engineering,B.Sc. in ME,2021,5,60,120,3.2,2021-09-01,Karen King,01722222235,Mother,150000,150000,0,Paid
1014,Amelia Hill,amelia.h@example.com,pass123,01711111125,1998-08-07,Female,A+,333 Birch Ct,Pharmacy,B.Pharm,2021,5,60,120,3.8,2021-09-01,Paul Hill,01722222236,Father,150000,100000,50000,Due
1015,Henry Green,henry.g@example.com,pass123,01711111126,2000-11-29,Male,B+,444 Willow St,English,B.A. in English,2021,5,60,120,3.3,2021-09-01,Nancy Green,01722222237,Mother,150000,150000,0,Paid
1016,Evelyn Adams,evelyn.a@example.com,pass123,01711111127,1999-03-24,Female,O-,555 Elm Ln,Law,LLB,2021,5,60,120,3.7,2021-09-01,Frank Adams,01722222238,Father,150000,130000,20000,Due
1017,Sebastian Baker,sebastian.b@example.com,pass123,01711111128,1998-06-19,Male,A+,666 Spruce Ave,Civil Engineering,B.Sc. in CE,2021,5,60,120,3.5,2021-09-01,Christine Baker,01722222239,Mother,150000,150000,0,Paid
1018,Harper Hall,harper.h@example.com,pass123,01711111129,2000-09-17,Female,B+,777 Fir Dr,Architecture,B.Arch,2021,5,60,120,3.9,2021-09-01,Thomas Hall,01722222240,Father,150000,115000,35000,Due
1019,Leo Clark,leo.c@example.com,pass123,01711111130,1999-12-12,Male,AB+,888 Pine Rd,Economics,B.S. in Economics,2021,5,60,120,3.1,2021-09-01,Margaret Clark,01722222241,Mother,150000,150000,0,Paid
1020,Avery Lewis,avery.l@example.com,pass123,01711111131,1998-04-05,Female,A-,999 Oak Ct,Computer Science,B.Sc. in CSE,2021,5,60,120,3.4,2021-09-01,Andrew Lewis,01722222242,Father,150000,100000,50000,Due
1021,Elijah Scott,elijah.s@example.com,pass123,01711111132,2000-06-28,Male,O+,123 Willow Ln,Electrical Engineering,B.Sc. in EEE,2021,5,60,120,3.7,2021-09-01,Donna Scott,01722222243,Mother,150000,150000,0,Paid
1022,Grace Baker,grace.b@example.com,pass123,01711111133,1999-09-02,Female,B-,456 Maple St,Business Administration,BBA,2021,5,60,120,3.2,2021-09-01,Paul Baker,01722222244,Father,150000,120000,30000,Due
1023,Logan Wright,logan.w@example.com,pass123,01711111134,1998-11-15,Male,AB+,789 Cedar Rd,Mechanical Engineering,B.Sc. in ME,2021,5,60,120,3.6,2021-09-01,Brenda Wright,01722222245,Mother,150000,150000,0,Paid
1024,Chloe Torres,chloe.t@example.com,pass123,01711111135,2000-02-10,Female,A+,101 Birch Dr,Pharmacy,B.Pharm,2021,5,60,120,3.9,2021-09-01,Kenneth Torres,01722222246,Father,150000,90000,60000,Due
1025,Jackson Rivera,jackson.r@example.com,pass123,01711111136,1999-07-27,Male,O-,202 Willow Ct,English,B.A. in English,2021,5,60,120,3.3,2021-09-01,Deborah Rivera,01722222247,Mother,150000,150000,0,Paid
1026,Lily Powell,lily.p@example.com,pass123,01711111137,1998-12-08,Female,B+,303 Elm St,Law,LLB,2021,5,60,120,3.8,2021-09-01,Steven Powell,01722222248,Father,150000,110000,40000,Due
1027,Ryan Roberts,ryan.r@example.com,pass123,01711111138,2000-05-19,Male,A+,404 Spruce Ln,Civil Engineering,B.Sc. in CE,2021,5,60,120,3.5,2021-09-01,Nancy Roberts,01722222249,Mother,150000,150000,0,Paid
1028,Zoey Phillips,zoey.p@example.com,pass123,01711111139,1999-10-04,Female,O+,505 Fir Ave,Architecture,B.Arch,2021,5,60,120,3.7,2021-09-01,Mark Phillips,01722222250,Father,150000,130000,20000,Due
1029,Gabriel Morgan,gabriel.m@example.com,pass123,01711111140,1998-03-21,Male,A-,606 Pine Rd,Economics,B.S. in Economics,2021,5,60,120,3.4,2021-09-01,Betty Morgan,01722222251,Mother,150000,150000,0,Paid
1030,Hannah Bailey,hannah.b@example.com,pass123,01711111141,2000-08-14,Female,B-,707 Oak Ct,Computer Science,B.Sc. in CSE,2021,5,60,120,3.6,2021-09-01,Frank Bailey,01722222252,Father,150000,105000,45000,Due
1031,Caleb Cox,caleb.c@example.com,pass123,01711111142,1999-01-26,Male,AB+,808 Maple St,Electrical Engineering,B.Sc. in EEE,2021,5,60,120,3.2,2021-09-01,Susan Cox,01722222253,Mother,150000,150000,0,Paid
1032,Sofia Bell,sofia.b@example.com,pass123,01711111143,1998-06-05,Female,O+,909 Cedar Ln,Business Administration,BBA,2021,5,60,120,3.8,2021-09-01,Jeffrey Bell,01722222254,Father,150000,140000,10000,Due
1033,Ethan Reed,ethan.r@example.com,pass123,01711111144,2000-04-18,Male,A+,111 Birch Ave,Mechanical Engineering,B.Sc. in ME,2021,5,60,120,3.5,2021-09-01,Deborah Reed,01722222255,Mother,150000,150000,0,Paid
1034,Addison Price,addison.p@example.com,pass123,01711111145,1999-09-09,Female,B+,222 Willow Rd,Pharmacy,B.Pharm,2021,5,60,120,3.9,2021-09-01,Gary Price,01722222256,Father,150000,90000,60000,Due
1035,Julian Ward,julian.w@example.com,pass123,01711111146,1998-12-02,Male,O-,333 Elm Ct,English,B.A. in English,2021,5,60,120,3.3,2021-09-01,Lisa Ward,01722222257,Mother,150000,150000,0,Paid
1036,Stella Kelly,stella.k@example.com,pass123,01711111147,2000-07-07,Female,A+,444 Spruce St,Law,LLB,2021,5,60,120,3.7,2021-09-01,Ronald Kelly,01722222258,Father,150000,110000,40000,Due
1037,Cole Rogers,cole.r@example.com,pass123,01711111148,1999-02-15,Male,B-,555 Fir Ln,Civil Engineering,B.Sc. in CE,2021,5,60,120,3.4,2021-09-01,Sharon Rogers,01722222259,Mother,150000,150000,0,Paid
1038,Paisley Foster,paisley.f@example.com,pass123,01711111149,1998-10-28,Female,AB+,666 Pine Ave,Architecture,B.Arch,2021,5,60,120,3.6,2021-09-01,Peter Foster,01722222260,Father,150000,130000,20000,Due
1039,Lincoln Cooper,lincoln.c@example.com,pass123,01711111150,2000-03-12,Male,O+,777 Oak Rd,Economics,B.S. in Economics,2021,5,60,120,3.1,2021-09-01,Diane Cooper,01722222261,Mother,150000,150000,0,Paid
1040,Eleanor Perry,eleanor.p@example.com,pass123,01711111151,1999-05-01,Female,A-,888 Maple Ln,Computer Science,B.Sc. in CSE,2021,5,60,120,3.7,2021-09-01,Ronald Perry,01722222262,Father,150000,100000,50000,Due
1041,Max Patterson,max.p@example.com,pass123,01711111152,1998-08-26,Male,B+,999 Cedar St,Electrical Engineering,B.Sc. in EEE,2021,5,60,120,3.3,2021-09-01,Angela Patterson,01722222263,Mother,150000,150000,0,Paid
1042,Hazel Wright,hazel.w@example.com,pass123,01711111153,2000-11-19,Female,O+,123 Birch Dr,Business Administration,BBA,2021,5,60,120,3.5,2021-09-01,Scott Wright,01722222264,Father,150000,120000,30000,Due
1043,Owen Evans,owen.e@example.com,pass123,01711111154,1999-04-10,Male,A+,456 Willow Ct,Mechanical Engineering,B.Sc. in ME,2021,5,60,120,3.8,2021-09-01,Teresa Evans,01722222265,Mother,150000,150000,0,Paid
1044,Violet Hughes,violet.h@example.com,pass123,01711111155,1998-07-23,Female,B-,789 Elm St,Pharmacy,B.Pharm,2021,5,60,120,3.2,2021-09-01,Chris Hughes,01722222266,Father,150000,90000,60000,Due
1045,Asher Bell,asher.b@example.com,pass123,01711111156,2000-10-05,Male,AB+,101 Spruce Ln,English,B.A. in English,2021,5,60,120,3.6,2021-09-01,Karen Bell,01722222267,Mother,150000,150000,0,Paid
1046,Penelope Jenkins,penelope.j@example.com,pass123,01711111157,1999-01-18,Female,O-,202 Fir Ave,Law,LLB,2021,5,60,120,3.9,2021-09-01,Robert Jenkins,01722222268,Father,150000,110000,40000,Due
1047,Miles Coleman,miles.c@example.com,pass123,01711111158,1998-06-11,Male,A+,303 Pine Rd,Civil Engineering,B.Sc. in CE,2021,5,60,120,3.4,2021-09-01,Janet Coleman,01722222269,Mother,150000,150000,0,Paid
1048,Kennedy Ward,kennedy.w@example.com,pass123,01711111159,2000-09-04,Female,B+,404 Oak Ct,Architecture,B.Arch,2021,5,60,120,3.8,2021-09-01,Brian Ward,01722222270,Father,150000,130000,20000,Due
1049,Silas Howard,silas.h@example.com,pass123,01711111160,1999-02-28,Male,A-,505 Maple St,Economics,B.S. in Economics,2021,5,60,120,3.3,2021-09-01,Joyce Howard,01722222271,Mother,150000,150000,0,Paid
1050,Ruby Nelson,ruby.n@example.com,pass123,01711111161,1998-05-20,Female,O+,606 Cedar Ln,Computer Science,B.Sc. in CSE,2021,5,60,120,3.6,2021-09-01,James Nelson,01722222272,Father,150000,105000,45000,Due
1051,Wyatt Turner,wyatt.t@example.com,pass123,01711111162,2000-08-11,Male,AB+,707 Birch Ave,Electrical Engineering,B.Sc. in EEE,2021,5,60,120,3.2,2021-09-01,Patricia Turner,01722222273,Mother,150000,150000,0,Paid
1052,Serena Baker,serena.b@example.com,pass123,01711111163,1999-03-07,Female,B-,808 Willow Rd,Business Administration,BBA,2021,5,60,120,3.8,2021-09-01,David Baker,01722222274,Father,150000,140000,10000,Due
1053,Kai Fisher,kai.f@example.com,pass123,01711111164,1998-06-30,Male,A+,909 Elm Ct,Mechanical Engineering,B.Sc. in ME,2021,5,60,120,3.5,2021-09-01,Elizabeth Fisher,01722222275,Mother,150000,150000,0,Paid
1054,Lila Hayes,lila.h@example.com,pass123,01711111165,2000-11-22,Female,O-,111 Spruce St,Pharmacy,B.Pharm,2021,5,60,120,3.9,2021-09-01,Mark Hayes,01722222276,Father,150000,90000,60000,Due
1055,Milo Brooks,milo.b@example.com,pass123,01711111166,1999-05-17,Male,B+,222 Fir Ln,English,B.A. in English,2021,5,60,120,3.3,2021-09-01,Carol Brooks,01722222277,Mother,150000,150000,0,Paid
1056,Naomi Peterson,naomi.p@example.com,pass123,01711111167,1998-09-10,Female,A+,333 Pine Ave,Law,LLB,2021,5,60,120,3.7,2021-09-01,Steven Peterson,01722222278,Father,150000,110000,40000,Due
1057,Leo Foster,leo.f@example.com,pass123,01711111168,2000-01-03,Male,O+,444 Oak Rd,Civil Engineering,B.Sc. in CE,2021,5,60,120,3.4,2021-09-01,Mary Foster,01722222279,Mother,150000,150000,0,Paid
1058,Stella Ross,stella.r@example.com,pass123,01711111169,1999-06-25,Female,AB-,555 Maple Ln,Architecture,B.Arch,2021,5,60,120,3.6,2021-09-01,Thomas Ross,01722222280,Father,150000,130000,20000,Due
1059,Connor Griffin,connor.g@example.com,pass123,01711111170,1998-11-18,Male,A-,666 Cedar St,Economics,B.S. in Economics,2021,5,60,120,3.1,2021-09-01,Susan Griffin,01722222281,Mother,150000,150000,0,Paid
1060,Aurora Richardson,aurora.r@example.com,pass123,01711111171,2000-02-09,Female,B+,777 Birch Dr,Computer Science,B.Sc. in CSE,2021,5,60,120,3.7,2021-09-01,Daniel Richardson,01722222282,Father,150000,100000,50000,Due
1061,Hudson Mitchell,hudson.m@example.com,pass123,01711111172,1999-07-22,Male,O+,888 Willow Ct,Electrical Engineering,B.Sc. in EEE,2021,5,60,120,3.3,2021-09-01,Lisa Mitchell,01722222283,Mother,150000,150000,0,Paid
1062,Zoe Wright,zoe.w@example.com,pass123,01711111173,1998-12-15,Female,A+,999 Elm St,Business Administration,BBA,2021,5,60,120,3.5,2021-09-01,Richard Wright,01722222284,Father,150000,120000,30000,Due
1063,Julian Cooper,julian.c@example.com,pass123,01711111174,2000-05-08,Male,B-,123 Spruce Ln,Mechanical Engineering,B.Sc. in ME,2021,5,60,120,3.8,2021-09-01,Cynthia Cooper,01722222285,Mother,150000,150000,0,Paid
1064,Madeline Foster,madeline.f@example.com,pass123,01711111175,1999-10-31,Female,O+,456 Fir Ave,Pharmacy,B.Pharm,2021,5,60,120,3.2,2021-09-01,George Foster,01722222286,Father,150000,90000,60000,Due
1065,Nathan Parker,nathan.p@example.com,pass123,01711111176,1998-03-24,Male,AB+,789 Pine Rd,English,B.A. in English,2021,5,60,120,3.6,2021-09-01,Helen Parker,01722222287,Mother,150000,150000,0,Paid
1066,Eleanor Hughes,eleanor.h@example.com,pass123,01711111177,2000-08-16,Female,A-,101 Oak Ct,Law,LLB,2021,5,60,120,3.9,2021-09-01,John Hughes,01722222288,Father,150000,110000,40000,Due
1067,Isaac Hill,isaac.h@example.com,pass123,01711111178,1999-01-09,Male,B+,202 Maple St,Civil Engineering,B.Sc. in CE,2021,5,60,120,3.3,2021-09-01,Sarah Hill,01722222289,Mother,150000,150000,0,Paid
1068,Sadie Powell,sadie.p@example.com,pass123,01711111179,1998-06-02,Female,O-,303 Cedar Ln,Architecture,B.Arch,2021,5,60,120,3.7,2021-09-01,William Powell,01722222290,Father,150000,130000,20000,Due
1069,Leo King,leo.k@example.com,pass123,01711111180,2000-11-25,Male,AB+,404 Birch Ave,Economics,B.S. in Economics,2021,5,60,120,3.4,2021-09-01,Donna King,01722222291,Mother,150000,150000,0,Paid
1070,Zoe Martinez,zoe.m@example.com,pass123,01711111181,1999-04-16,Female,A+,505 Willow Rd,Computer Science,B.Sc. in CSE,2021,5,60,120,3.6,2021-09-01,Daniel Martinez,01722222292,Father,150000,105000,45000,Due
1071,Caleb Baker,caleb.b@example.com,pass123,01711111182,1998-09-08,Male,B-,606 Elm Ct,Electrical Engineering,B.Sc. in EEE,2021,5,60,120,3.2,2021-09-01,Laura Baker,01722222293,Mother,150000,150000,0,Paid
1072,Nora Carter,nora.c@example.com,pass123,01711111183,2000-12-01,Female,O+,707 Spruce St,Business Administration,BBA,2021,5,60,120,3.8,2021-09-01,Paul Carter,01722222294,Father,150000,140000,10000,Due
1073,Adam Turner,adam.t@example.com,pass123,01711111184,1999-05-24,Male,A-,808 Fir Ln,Mechanical Engineering,B.Sc. in ME,2021,5,60,120,3.5,2021-09-01,Mary Turner,01722222295,Mother,150000,150000,0,Paid
1074,Chloe Evans,chloe.e@example.com,pass123,01711111185,1998-10-17,Female,B+,909 Pine Ave,Pharmacy,B.Pharm,2021,5,60,120,3.9,2021-09-01,Robert Evans,01722222296,Father,150000,90000,60000,Due
1075,Ryan White,ryan.w@example.com,pass123,01711111186,2000-03-10,Male,O-,111 Oak Rd,English,B.A. in English,2021,5,60,120,3.3,2021-09-01,Lisa White,01722222297,Mother,150000,150000,0,Paid
1076,Grace Lee,grace.l@example.com,pass123,01711111187,1999-08-02,Female,A+,222 Maple Ln,Law,LLB,2021,5,60,120,3.7,2021-09-01,Charles Lee,01722222298,Father,150000,110000,40000,Due
1077,Cole Adams,cole.a@example.com,pass123,01711111188,1998-12-25,Male,B+,333 Cedar St,Civil Engineering,B.Sc. in CE,2021,5,60,120,3.4,2021-09-01,Susan Adams,01722222299,Mother,150000,150000,0,Paid
1078,Avery Brooks,avery.b@example.com,pass123,01711111189,2000-07-18,Female,O+,444 Birch Dr,Architecture,B.Arch,2021,5,60,120,3.6,2021-09-01,James Brooks,01722222300,Father,150000,130000,20000,Due
1079,Jackson Parker,jackson.p@example.com,pass123,01711111190,1999-02-11,Male,AB+,555 Willow Ct,Economics,B.S. in Economics,2021,5,60,120,3.1,2021-09-01,Deborah Parker,01722222301,Mother,150000,150000,0,Paid
1080,Mia Gonzalez,mia.g@example.com,pass123,01711111191,1998-05-04,Female,A-,666 Elm St,Computer Science,B.Sc. in CSE,2021,5,60,120,3.7,2021-09-01,Mark Gonzalez,01722222302,Father,150000,100000,50000,Due
1081,Etwhan Rodriguez,eethan.r@example.com,pass123,01711111192,2000-10-27,Male,B-,777 Spruce Ln,Electrical Engineering,B.Sc. in EEE,2021,5,60,120,3.3,2021-09-01,Teresa Rodriguez,01722222303,Mother,150000,150000,0,Paid
1082,Sowfia Hall,soefia.h@example.com,pass123,01711111193,1999-03-20,Female,O+,888 Fir Ave,Business Administration,BBA,2021,5,60,120,3.5,2021-09-01,Frank Hall,01722222304,Father,150000,120000,30000,Due
1083,Nowwah Turner,neoah.t@example.com,pass123,01711111194,1998-08-13,Male,A+,999 Pine Rd,Mechanical Engineering,B.Sc. in ME,2021,5,60,120,3.8,2021-09-01,Karen Turner,01722222305,Mother,150000,150000,0,Paid
1084,Lilwy Carter,liely.c@example.com,pass123,01711111195,2000-01-06,Female,B+,111 Oak Ct,Pharmacy,B.Pharm,2021,5,60,120,3.2,2021-09-01,Paul Carter,01722222306,Father,150000,90000,60000,Due
1085,Dylan Phillips,deylan.p@example.com,pass123,01711111196,1999-06-29,Male,AB+,222 Maple St,English,B.A. in English,2021,5,60,120,3.6,2021-09-01,Linda Phillips,01722222307,Mother,150000,150000,0,Paid
1086,Chloe Evans,chleoe.e@example.com,pass123,01711111197,1998-11-22,Female,O-,333 Cedar Ln,Law,LLB,2021,5,60,120,3.9,2021-09-01,David Evans,01722222308,Father,150000,110000,40000,Due
1087,Mason Bell,maseon.b@example.com,pass123,01711111198,2000-04-15,Male,A+,444 Birch Ave,Civil Engineering,B.Sc. in CE,2021,5,60,120,3.4,2021-09-01,Patricia Bell,01722222309,Mother,150000,150000,0,Paid
1088,Harper Foster,haerper.f@example.com,pass123,01711111199,1999-09-07,Female,B+,555 Willow Rd,Architecture,B.Arch,2021,5,60,120,3.7,2021-09-01,James Foster,01722222310,Father,150000,130000,20000,Due
1089,Leo Hill,leeo.h@example.com,pass123,01711111200,1998-02-28,Male,O+,666 Elm Ct,Economics,B.S. in Economics,2021,5,60,120,3.1,2021-09-01,Susan Hill,01722222311,Mother,150000,150000,0,Paid
1090,Layla King,leayla.k@example.com,pass123,01711111201,2000-07-21,Female,A-,777 Spruce St,Computer Science,B.Sc. in CSE,2021,5,60,120,3.6,2021-09-01,Robert King,01722222312,Father,150000,105000,45000,Due
1091,Elijah Clark,eelijah.c@example.com,pass123,01711111202,1999-12-14,Male,AB+,888 Fir Ln,Electrical Engineering,B.Sc. in EEE,2021,5,60,120,3.2,2021-09-01,Mary Clark,01722222313,Mother,150000,150000,0,Paid
1092,Isabella Hall,iseabella.h@example.com,pass123,01711111203,1998-05-07,Female,O-,999 Pine Ave,Business Administration,BBA,2021,5,60,120,3.8,2021-09-01,Charles Hall,01722222314,Father,150000,140000,10000,Due
1093,Connor Torres,ceonnor.t@example.com,pass123,01711111204,2000-10-30,Male,A+,111 Oak Rd,Mechanical Engineering,B.Sc. in ME,2021,5,60,120,3.5,2021-09-01,Jennifer Torres,01722222315,Mother,150000,150000,0,Paid
1094,Aria Scott,areia.s@example.com,pass123,01711111205,1999-03-23,Female,B+,222 Maple Ln,Pharmacy,B.Pharm,2021,5,60,120,3.9,2021-09-01,Michael Scott,01722222316,Father,150000,90000,60000,Due
1095,Levi Hill,leevi.h@example.com,pass123,01711111206,1998-08-15,Male,A-,333 Cedar St,English,B.A. in English,2021,5,60,120,3.3,2021-09-01,Donna Hill,01722222317,Mother,150000,150000,0,Paid
1096,Violet Cooper,veiolet.c@example.com,pass123,01711111207,2000-01-08,Female,O+,444 Birch Dr,Law,LLB,2021,5,60,120,3.7,2021-09-01,Frank Cooper,01722222318,Father,150000,110000,40000,Due
1097,Asher Gonzalez,aesher.g@example.com,pass123,01711111208,1999-06-01,Male,B+,555 Willow Ct,Civil Engineering,B.Sc. in CE,2021,5,60,120,3.4,2021-09-01,Laura Gonzalez,01722222319,Mother,150000,150000,0,Paid
1098,Hannah Baker,haennah.b@example.com,pass123,01711111209,1998-11-24,Female,AB-,666 Elm St,Architecture,B.Arch,2021,5,60,120,3.6,2021-09-01,Paul Baker,01722222320,Father,150000,130000,20000,Due
1099,Eli Jackson,elei.j@example.com,pass123,01711111210,2000-04-17,Male,A+,777 Spruce Ln,Economics,B.S. in Economics,2021,5,60,120,3.1,2021-09-01,Susan Jackson,01722222321,Mother,150000,150000,0,Paid